name,hourly_rate,review_rating,review_count,furniture_tasks,overall_tasks,two_hour_minimum,elite_status
Raffi G.,$76.39,5.0,238,Not found,None,False,True
Andrey M.,$87.75,4.9,114,Not found,None,True,False
Danny Z.,$92.91,5.0,142,Not found,None,False,True
Benjamin H.,$72.26,5.0,226,Not found,None,False,False
Oleksiy R.,$48.52,4.8,73,Not found,None,False,False
Baron C.,$30.97,4.7,19,Not found,None,False,False
Alex E.,$61.94,5.0,1082,Not found,None,False,False
Konstantin T.,$61.94,5.0,3,Not found,None,False,False
Andrei K.,$53.68,5.0,28,Not found,None,False,False
Paul J.,$36.13,5.0,9,Not found,None,False,False
Akeem S.,$61.94,4.8,18,Not found,None,True,False
Valentyn M.,$56.78,4.9,247,Not found,None,False,False
Sergei K.,$92.91,5.0,536,Not found,None,False,False
Dmitrii A.,$56.78,5.0,48,Not found,None,True,False
Michael A.,$61.94,4.9,32,Not found,None,False,False
Aziz N.,$67.10,4.9,1465,Not found,None,False,False
Courtney L.,$51.62,Not found,Not found,Not found,None,False,False
Nick R.,$41.29,5.0,3,Not found,None,False,False
Vitalii B.,$69.17,5.0,158,Not found,None,True,False
Stylianos K.,$82.59,4.9,1473,Not found,None,False,False
Vincent W.,$77.43,4.9,93,Not found,None,False,False
Roman E.,$57.81,5.0,1,Not found,None,False,False
Alex Z.,$46.45,5.0,5,Not found,None,False,False
Roman S.,$67.10,5.0,8,Not found,None,True,False
Don W.,$103.24,4.7,19,Not found,None,False,False
Aslan G.,$54.71,4.8,21,Not found,None,True,False
Ewart C.,$56.78,3.7,3,Not found,None,True,False
Alex M.,$55.75,5.0,67,Not found,None,True,False
Vahe C.,$72.26,4.9,279,Not found,None,False,False
Sheldon M.,$67.10,3.1,7,Not found,None,True,False
Irma V.,$52.65,Not found,Not found,Not found,None,False,False
Makhsat E.,$56.78,5.0,4,Not found,None,False,False
Erdni M.,$51.62,4.9,69,Not found,None,False,False
Lavar I.,$58.84,Not found,Not found,Not found,None,False,False
Carlos S.,$72.26,5.0,113,Not found,None,True,False
Stanislav A.,$49.55,Not found,Not found,Not found,None,False,False
Christian  T.,$51.62,4.4,22,Not found,None,False,False
Konstantin S.,$67.10,5.0,72,Not found,None,False,False
Zam K.,$60.91,5.0,2,Not found,None,False,False
Matthew E.,$62.97,4.8,13,Not found,None,False,False
Vandal L.,$46.45,Not found,Not found,Not found,None,True,False
Fred E.,$82.59,5.0,1,Not found,None,False,False
Rodney C.,$57.81,4.9,177,Not found,None,False,False
Omesh K.,$52.65,5.0,22,Not found,None,False,False
Andre D.,$51.62,5.0,2,Not found,None,False,False
Isaiah S.,$51.62,4.7,3,Not found,None,False,False
Yurii Z.,$67.10,4.4,7,Not found,None,True,False
Starlyn G.,$30.97,5.0,1,Not found,None,False,False
Tamerlan Z.,$61.94,5.0,99,Not found,None,False,False
Dinara C.,$52.65,Not found,Not found,Not found,None,True,False
Franklin V.,$43.36,5.0,1,Not found,None,False,False
Patrick D.,$82.59,4.9,187,Not found,None,False,False
Corey B.,$47.49,Not found,Not found,Not found,None,False,False
Charles S.,$51.62,5.0,47,Not found,None,True,False
Faheem A.,$41.29,Not found,Not found,Not found,None,False,False
Adem R.,$52.65,Not found,Not found,Not found,None,True,False
Edmond P.,$67.10,4.9,25,Not found,None,False,False
Sedricko M.,$56.78,4.8,170,Not found,None,True,False
Gregory S.,$51.62,4.8,68,Not found,None,True,False
Robert T.,$51.62,4.7,20,Not found,None,True,False
Juan C.,$47.49,Not found,Not found,Not found,None,False,False
Khalil E.,$77.43,5.0,9,Not found,None,True,False
Evgenii G.,$82.59,5.0,92,Not found,None,False,False
Luis P.,$103.24,5.0,1,Not found,None,True,False
Nick R.,$103.24,5.0,34,Not found,None,False,False
Artur V.,$206.48,Not found,Not found,Not found,None,True,False
Erik H.,$206.48,5.0,1,Not found,None,True,False
Ilirjan H.,$216.80,5.0,3,Not found,None,False,False
Arturo F.,$190.99,5.0,20,Not found,None,True,False
Nilton Cesar L.,$118.72,5.0,45,Not found,None,False,False
Carlington B.,$82.59,3.5,2,Not found,None,True,False
Seymur D.,$67.10,5.0,14,Not found,None,False,False
Luis S.,$52.65,5.0,9,Not found,None,False,False
Chris B.,$66.07,4.6,23,Not found,None,False,False
Oscar V.,$77.43,5.0,55,Not found,None,True,False
Desmond I.,$51.62,Not found,Not found,Not found,None,False,False
